[{"model": "admin.logentry", "pk": 1, "fields": {"action_time": "2022-04-06T11:50:25.668Z", "user": 1, "content_type": 7, "object_id": "1", "object_repr": "Name: ایدز فقط برای دیگران نیست!   | Written by: آذین نوبان | Price:  35000", "action_flag": 1, "change_message": "[{\"added\": {}}]"}}, {"model": "admin.logentry", "pk": 2, "fields": {"action_time": "2022-04-06T11:52:48.323Z", "user": 1, "content_type": 7, "object_id": "2", "object_repr": "Name: برنامه اچ آی وی/ايدز         | Written by: آذین نوبان | Price:      0", "action_flag": 1, "change_message": "[{\"added\": {}}]"}}, {"model": "admin.logentry", "pk": 3, "fields": {"action_time": "2022-04-06T11:56:00.811Z", "user": 1, "content_type": 7, "object_id": "3", "object_repr": "Name: مجموعه رسائل در تصوف         | Written by: عبدالله انصاری، قادر بیدل، افصل الدین کاشی | Price: 100000000", "action_flag": 1, "change_message": "[{\"added\": {}}]"}}, {"model": "admin.logentry", "pk": 4, "fields": {"action_time": "2022-04-06T12:00:04.686Z", "user": 1, "content_type": 7, "object_id": "2", "object_repr": "Name: برنامه اچ آی وی/ايدز         | Written by: آذین نوبان | Price:      0", "action_flag": 2, "change_message": "[{\"changed\": {\"fields\": [\"Image url\"]}}]"}}, {"model": "admin.logentry", "pk": 5, "fields": {"action_time": "2022-04-06T12:02:38.878Z", "user": 1, "content_type": 7, "object_id": "3", "object_repr": "Name: مجموعه رسائل در تصوف         | Written by: عبدالله انصاری، قادر بیدل، افصل الدین کاشی | Price: 100000000", "action_flag": 2, "change_message": "[{\"changed\": {\"fields\": [\"Image url\"]}}]"}}, {"model": "admin.logentry", "pk": 6, "fields": {"action_time": "2022-04-06T12:02:57.903Z", "user": 1, "content_type": 7, "object_id": "1", "object_repr": "Name: ایدز فقط برای دیگران نیست!   | Written by: آذین نوبان | Price:  35000", "action_flag": 2, "change_message": "[{\"changed\": {\"fields\": [\"Image url\"]}}]"}}, {"model": "admin.logentry", "pk": 7, "fields": {"action_time": "2022-04-06T15:03:49.989Z", "user": 1, "content_type": 7, "object_id": "1", "object_repr": "Name: ایدز فقط برای دیگران نیست!   | Written by: آذین نوبان | Price:  35000", "action_flag": 2, "change_message": "[{\"changed\": {\"fields\": [\"Pdf url\"]}}]"}}, {"model": "admin.logentry", "pk": 8, "fields": {"action_time": "2022-04-06T15:04:19.720Z", "user": 1, "content_type": 7, "object_id": "2", "object_repr": "Name: برنامه اچ آی وی/ايدز         | Written by: آذین نوبان | Price:      0", "action_flag": 2, "change_message": "[{\"changed\": {\"fields\": [\"Pdf url\"]}}]"}}, {"model": "admin.logentry", "pk": 9, "fields": {"action_time": "2022-04-06T15:04:43.512Z", "user": 1, "content_type": 7, "object_id": "3", "object_repr": "Name: مجموعه رسائل در تصوف         | Written by: عبدالله انصاری، قادر بیدل، افصل الدین کاشی | Price: 100000000", "action_flag": 2, "change_message": "[{\"changed\": {\"fields\": [\"Pdf url\"]}}]"}}, {"model": "admin.logentry", "pk": 10, "fields": {"action_time": "2022-04-06T15:08:29.799Z", "user": 1, "content_type": 7, "object_id": "4", "object_repr": "Name: دیابت شیرین در بزرگسالان     | Written by: البرز هدایتی، محمدحسن هدایتی | Price: 140000", "action_flag": 1, "change_message": "[{\"added\": {}}]"}}, {"model": "admin.logentry", "pk": 11, "fields": {"action_time": "2022-04-06T15:12:55.318Z", "user": 1, "content_type": 7, "object_id": "5", "object_repr": "Name: زیادی چربی های خون           | Written by: البرز هدایتی، محمدحسن هدایتی | Price: 200000", "action_flag": 1, "change_message": "[{\"added\": {}}]"}}, {"model": "admin.logentry", "pk": 12, "fields": {"action_time": "2022-04-06T15:14:17.876Z", "user": 1, "content_type": 7, "object_id": "5", "object_repr": "Name: زیادی چربی های خون           | Written by: البرز هدایتی، محمدحسن هدایتی | Price: 200000", "action_flag": 2, "change_message": "[{\"changed\": {\"fields\": [\"Pdf url\"]}}]"}}, {"model": "admin.logentry", "pk": 13, "fields": {"action_time": "2022-04-06T15:16:11.761Z", "user": 1, "content_type": 7, "object_id": "6", "object_repr": "Name: سرگیجه                       | Written by: محمد حسن هدایتی | Price: 140000", "action_flag": 1, "change_message": "[{\"added\": {}}]"}}, {"model": "admin.logentry", "pk": 14, "fields": {"action_time": "2022-04-06T15:20:55.333Z", "user": 1, "content_type": 7, "object_id": "7", "object_repr": "Name: کتابچه مکالمه هندی و فارسی   | Written by: عرفان خان | Price: 200000", "action_flag": 1, "change_message": "[{\"added\": {}}]"}}, {"model": "admin.logentry", "pk": 15, "fields": {"action_time": "2022-04-06T15:47:31.879Z", "user": 1, "content_type": 7, "object_id": "7", "object_repr": "Name: کتابچه مکالمه هندی و فارسی   | Written by: عرفان خان | Price: 200000", "action_flag": 2, "change_message": "[{\"changed\": {\"fields\": [\"Image url\"]}}]"}}, {"model": "admin.logentry", "pk": 16, "fields": {"action_time": "2022-04-06T16:16:02.720Z", "user": 1, "content_type": 7, "object_id": "8", "object_repr": "Name: گونه شناسی جریان های فعال در دانشگاه ها | Written by: شهیر سیرت، رامین کمانگر | Price: 1900000", "action_flag": 1, "change_message": "[{\"added\": {}}]"}}, {"model": "admin.logentry", "pk": 17, "fields": {"action_time": "2022-04-06T16:17:40.188Z", "user": 1, "content_type": 7, "object_id": "9", "object_repr": "Name: از میعاد تا هرگز             | Written by: واصف باختری | Price: 135000", "action_flag": 1, "change_message": "[{\"added\": {}}]"}}, {"model": "admin.logentry", "pk": 18, "fields": {"action_time": "2022-04-06T16:19:05.273Z", "user": 1, "content_type": 7, "object_id": "10", "object_repr": "Name: نقرص و زیادی اسید اوریک خون  | Written by: البرز هدایتی، محمدحسن هدایتی | Price: 420000", "action_flag": 1, "change_message": "[{\"added\": {}}]"}}, {"model": "admin.logentry", "pk": 19, "fields": {"action_time": "2022-04-07T11:22:25.631Z", "user": 1, "content_type": 7, "object_id": "10", "object_repr": "Name: نقرس و زیادی اسید اوریک خون  | Written by: البرز هدایتی، محمدحسن هدایتی | Price: 420000", "action_flag": 2, "change_message": "[{\"changed\": {\"fields\": [\"Name\"]}}]"}}, {"model": "admin.logentry", "pk": 20, "fields": {"action_time": "2022-04-07T11:32:00.462Z", "user": 1, "content_type": 7, "object_id": "11", "object_repr": "Name: من قاسم سلیمانی هستم         | Written by: ناصر کاوه | Price:  70000", "action_flag": 1, "change_message": "[{\"added\": {}}]"}}, {"model": "admin.logentry", "pk": 21, "fields": {"action_time": "2022-04-07T11:34:47.340Z", "user": 1, "content_type": 7, "object_id": "12", "object_repr": "Name: بنیانگذاران فرهنگ امروز بودا | Written by: مایکل کریدرز | Price:  80000", "action_flag": 1, "change_message": "[{\"added\": {}}]"}}, {"model": "admin.logentry", "pk": 22, "fields": {"action_time": "2022-04-07T11:46:06.440Z", "user": 1, "content_type": 7, "object_id": "13", "object_repr": "Name: اسطوره‌شناسی آسمان شبانه     | Written by: شروین وکیلی | Price:  95000", "action_flag": 1, "change_message": "[{\"added\": {}}]"}}, {"model": "admin.logentry", "pk": 23, "fields": {"action_time": "2022-04-07T11:48:51.088Z", "user": 1, "content_type": 7, "object_id": "14", "object_repr": "Name: هزاره‌های گمشده              | Written by: پرویز رجبی | Price: 800000", "action_flag": 1, "change_message": "[{\"added\": {}}]"}}, {"model": "admin.logentry", "pk": 24, "fields": {"action_time": "2022-04-07T11:50:41.186Z", "user": 1, "content_type": 7, "object_id": "15", "object_repr": "Name: راهنمایی مستند تخت‌جمشید     | Written by: علیرضا شاپور | Price: 560000", "action_flag": 1, "change_message": "[{\"added\": {}}]"}}, {"model": "admin.logentry", "pk": 25, "fields": {"action_time": "2022-04-07T11:52:33.723Z", "user": 1, "content_type": 7, "object_id": "16", "object_repr": "Name: جامعه شناسی خودمانی          | Written by: حسن نراقی | Price: 260000", "action_flag": 1, "change_message": "[{\"added\": {}}]"}}, {"model": "admin.logentry", "pk": 26, "fields": {"action_time": "2022-04-08T11:48:11.362Z", "user": 1, "content_type": 10, "object_id": "1", "object_repr": "آذین نوبان", "action_flag": 1, "change_message": "[{\"added\": {}}]"}}, {"model": "admin.logentry", "pk": 27, "fields": {"action_time": "2022-04-08T11:48:23.674Z", "user": 1, "content_type": 10, "object_id": "2", "object_repr": "خواجه عبدالله انصاری", "action_flag": 1, "change_message": "[{\"added\": {}}]"}}, {"model": "admin.logentry", "pk": 28, "fields": {"action_time": "2022-04-08T11:53:36.810Z", "user": 1, "content_type": 10, "object_id": "3", "object_repr": "عبدالقادر بیدل", "action_flag": 1, "change_message": "[{\"added\": {}}]"}}, {"model": "admin.logentry", "pk": 29, "fields": {"action_time": "2022-04-08T11:53:45.475Z", "user": 1, "content_type": 10, "object_id": "4", "object_repr": "افضل‌الدین کاشی", "action_flag": 1, "change_message": "[{\"added\": {}}]"}}, {"model": "admin.logentry", "pk": 30, "fields": {"action_time": "2022-04-08T11:55:07.801Z", "user": 1, "content_type": 10, "object_id": "5", "object_repr": "دکتر البرز هدایتی", "action_flag": 1, "change_message": "[{\"added\": {}}]"}}, {"model": "admin.logentry", "pk": 31, "fields": {"action_time": "2022-04-08T11:55:16.846Z", "user": 1, "content_type": 10, "object_id": "6", "object_repr": "دکتر محمدحسن هدایتی", "action_flag": 1, "change_message": "[{\"added\": {}}]"}}, {"model": "admin.logentry", "pk": 32, "fields": {"action_time": "2022-04-08T11:56:58.468Z", "user": 1, "content_type": 10, "object_id": "7", "object_repr": "حیدر تقوی", "action_flag": 1, "change_message": "[{\"added\": {}}]"}}, {"model": "admin.logentry", "pk": 33, "fields": {"action_time": "2022-04-08T11:57:10.970Z", "user": 1, "content_type": 10, "object_id": "8", "object_repr": "شهیر سیرت", "action_flag": 1, "change_message": "[{\"added\": {}}]"}}, {"model": "admin.logentry", "pk": 34, "fields": {"action_time": "2022-04-08T11:57:18.956Z", "user": 1, "content_type": 10, "object_id": "9", "object_repr": "رامین کمانگر", "action_flag": 1, "change_message": "[{\"added\": {}}]"}}, {"model": "admin.logentry", "pk": 35, "fields": {"action_time": "2022-04-08T12:03:21.378Z", "user": 1, "content_type": 10, "object_id": "10", "object_repr": "واصف باختری", "action_flag": 1, "change_message": "[{\"added\": {}}]"}}, {"model": "admin.logentry", "pk": 36, "fields": {"action_time": "2022-04-08T12:03:34.708Z", "user": 1, "content_type": 10, "object_id": "11", "object_repr": "ناصر کاوه", "action_flag": 1, "change_message": "[{\"added\": {}}]"}}, {"model": "admin.logentry", "pk": 37, "fields": {"action_time": "2022-04-08T12:03:41.829Z", "user": 1, "content_type": 10, "object_id": "12", "object_repr": "مایکل کریدرز", "action_flag": 1, "change_message": "[{\"added\": {}}]"}}, {"model": "admin.logentry", "pk": 38, "fields": {"action_time": "2022-04-08T12:03:53.286Z", "user": 1, "content_type": 10, "object_id": "13", "object_repr": "شروین وکیلی", "action_flag": 1, "change_message": "[{\"added\": {}}]"}}, {"model": "admin.logentry", "pk": 39, "fields": {"action_time": "2022-04-08T12:03:58.383Z", "user": 1, "content_type": 10, "object_id": "14", "object_repr": "پرویز رجبی", "action_flag": 1, "change_message": "[{\"added\": {}}]"}}, {"model": "admin.logentry", "pk": 40, "fields": {"action_time": "2022-04-08T12:04:09.078Z", "user": 1, "content_type": 10, "object_id": "15", "object_repr": "علیرضا شاپور", "action_flag": 1, "change_message": "[{\"added\": {}}]"}}, {"model": "admin.logentry", "pk": 41, "fields": {"action_time": "2022-04-08T12:04:13.303Z", "user": 1, "content_type": 10, "object_id": "16", "object_repr": "حسن نراقی", "action_flag": 1, "change_message": "[{\"added\": {}}]"}}, {"model": "admin.logentry", "pk": 42, "fields": {"action_time": "2022-04-08T12:04:41.341Z", "user": 1, "content_type": 7, "object_id": "16", "object_repr": "Name: جامعه شناسی خودمانی          | Price: 260000", "action_flag": 2, "change_message": "[{\"changed\": {\"fields\": [\"Author\"]}}]"}}, {"model": "admin.logentry", "pk": 43, "fields": {"action_time": "2022-04-08T12:10:20.557Z", "user": 1, "content_type": 7, "object_id": "15", "object_repr": "Name: راهنمایی مستند تخت‌جمشید     | Written by: علیرضا شاپور | Price: 560000", "action_flag": 2, "change_message": "[{\"changed\": {\"fields\": [\"Author\"]}}]"}}, {"model": "admin.logentry", "pk": 44, "fields": {"action_time": "2022-04-08T12:10:38.638Z", "user": 1, "content_type": 7, "object_id": "14", "object_repr": "Name: هزاره‌های گمشده              | Written by: پرویز رجبی | Price: 800000", "action_flag": 2, "change_message": "[{\"changed\": {\"fields\": [\"Author\"]}}]"}}, {"model": "admin.logentry", "pk": 45, "fields": {"action_time": "2022-04-08T12:10:48.545Z", "user": 1, "content_type": 7, "object_id": "13", "object_repr": "Name: اسطوره‌شناسی آسمان شبانه     | Written by: شروین وکیلی | Price:  95000", "action_flag": 2, "change_message": "[{\"changed\": {\"fields\": [\"Author\"]}}]"}}, {"model": "admin.logentry", "pk": 46, "fields": {"action_time": "2022-04-08T12:11:00.672Z", "user": 1, "content_type": 7, "object_id": "12", "object_repr": "Name: بنیانگذاران فرهنگ امروز بودا | Written by: مایکل کریدرز | Price:  80000", "action_flag": 2, "change_message": "[{\"changed\": {\"fields\": [\"Author\"]}}]"}}, {"model": "admin.logentry", "pk": 47, "fields": {"action_time": "2022-04-08T12:11:10.066Z", "user": 1, "content_type": 7, "object_id": "11", "object_repr": "Name: من قاسم سلیمانی هستم         | Written by: ناصر کاوه | Price:  70000", "action_flag": 2, "change_message": "[{\"changed\": {\"fields\": [\"Author\"]}}]"}}, {"model": "admin.logentry", "pk": 48, "fields": {"action_time": "2022-04-08T12:11:25.450Z", "user": 1, "content_type": 7, "object_id": "10", "object_repr": "Name: نقرس و زیادی اسید اوریک خون  | Written by: دکتر البرز هدایتی، دکتر محمدحسن هدایتی | Price: 420000", "action_flag": 2, "change_message": "[{\"changed\": {\"fields\": [\"Author\"]}}]"}}, {"model": "admin.logentry", "pk": 49, "fields": {"action_time": "2022-04-08T12:11:48.240Z", "user": 1, "content_type": 7, "object_id": "9", "object_repr": "Name: از میعاد تا هرگز             | Written by: واصف باختری | Price: 135000", "action_flag": 2, "change_message": "[{\"changed\": {\"fields\": [\"Author\"]}}]"}}, {"model": "admin.logentry", "pk": 50, "fields": {"action_time": "2022-04-08T12:11:57.710Z", "user": 1, "content_type": 7, "object_id": "8", "object_repr": "Name: گونه شناسی جریان های فعال در دانشگاه ها | Written by: شهیر سیرت، رامین کمانگر | Price: 1900000", "action_flag": 2, "change_message": "[{\"changed\": {\"fields\": [\"Author\"]}}]"}}, {"model": "admin.logentry", "pk": 51, "fields": {"action_time": "2022-04-08T12:12:04.575Z", "user": 1, "content_type": 7, "object_id": "7", "object_repr": "Name: کتابچه مکالمه هندی و فارسی   | Written by: حیدر تقوی | Price: 200000", "action_flag": 2, "change_message": "[{\"changed\": {\"fields\": [\"Author\"]}}]"}}, {"model": "admin.logentry", "pk": 52, "fields": {"action_time": "2022-04-08T12:12:18.576Z", "user": 1, "content_type": 7, "object_id": "6", "object_repr": "Name: سرگیجه                       | Written by: دکتر محمدحسن هدایتی | Price: 140000", "action_flag": 2, "change_message": "[{\"changed\": {\"fields\": [\"Author\"]}}]"}}, {"model": "admin.logentry", "pk": 53, "fields": {"action_time": "2022-04-08T12:13:02.881Z", "user": 1, "content_type": 7, "object_id": "5", "object_repr": "Name: زیادی چربی های خون           | Written by: دکتر البرز هدایتی، دکتر محمدحسن هدایتی | Price: 200000", "action_flag": 2, "change_message": "[{\"changed\": {\"fields\": [\"Author\"]}}]"}}, {"model": "admin.logentry", "pk": 54, "fields": {"action_time": "2022-04-08T12:13:13.780Z", "user": 1, "content_type": 7, "object_id": "4", "object_repr": "Name: دیابت شیرین در بزرگسالان     | Written by: دکتر البرز هدایتی، دکتر محمدحسن هدایتی | Price: 140000", "action_flag": 2, "change_message": "[{\"changed\": {\"fields\": [\"Author\"]}}]"}}, {"model": "admin.logentry", "pk": 55, "fields": {"action_time": "2022-04-08T12:13:21.027Z", "user": 1, "content_type": 7, "object_id": "3", "object_repr": "Name: مجموعه رسائل در تصوف         | Written by: خواجه عبدالله انصاری، عبدالقادر بیدل، افضل‌الدین کاشی | Price: 100000000", "action_flag": 2, "change_message": "[{\"changed\": {\"fields\": [\"Author\"]}}]"}}, {"model": "admin.logentry", "pk": 56, "fields": {"action_time": "2022-04-08T12:13:33.924Z", "user": 1, "content_type": 7, "object_id": "2", "object_repr": "Name: برنامه اچ آی وی/ايدز         | Written by: آذین نوبان | Price:      0", "action_flag": 2, "change_message": "[{\"changed\": {\"fields\": [\"Author\"]}}]"}}, {"model": "admin.logentry", "pk": 57, "fields": {"action_time": "2022-04-08T12:13:38.987Z", "user": 1, "content_type": 7, "object_id": "1", "object_repr": "Name: ایدز فقط برای دیگران نیست!   | Written by: آذین نوبان | Price:  35000", "action_flag": 2, "change_message": "[{\"changed\": {\"fields\": [\"Author\"]}}]"}}, {"model": "admin.logentry", "pk": 58, "fields": {"action_time": "2022-04-21T19:05:34.971Z", "user": 1, "content_type": 13, "object_id": "2", "object_repr": "بادکنک‌های زیبا", "action_flag": 2, "change_message": "[{\"changed\": {\"fields\": [\"Owner\"]}}]"}}, {"model": "admin.logentry", "pk": 59, "fields": {"action_time": "2022-04-21T19:08:39.638Z", "user": 1, "content_type": 8, "object_id": "1", "object_repr": "سلامت/سبک‌زندگی", "action_flag": 1, "change_message": "[{\"added\": {}}]"}}, {"model": "admin.logentry", "pk": 60, "fields": {"action_time": "2022-04-21T19:08:53.106Z", "user": 1, "content_type": 8, "object_id": "2", "object_repr": "عرفانی/مذهبی", "action_flag": 1, "change_message": "[{\"added\": {}}]"}}, {"model": "admin.logentry", "pk": 61, "fields": {"action_time": "2022-04-21T19:09:05.989Z", "user": 1, "content_type": 8, "object_id": "3", "object_repr": "ادبی/تاریخی", "action_flag": 1, "change_message": "[{\"added\": {}}]"}}, {"model": "admin.logentry", "pk": 62, "fields": {"action_time": "2022-04-21T19:09:17.558Z", "user": 1, "content_type": 8, "object_id": "4", "object_repr": "جامعه‌شناسی/علوم سیاسی", "action_flag": 1, "change_message": "[{\"added\": {}}]"}}, {"model": "admin.logentry", "pk": 63, "fields": {"action_time": "2022-04-21T19:09:27.921Z", "user": 1, "content_type": 8, "object_id": "5", "object_repr": "نجوم", "action_flag": 1, "change_message": "[{\"added\": {}}]"}}, {"model": "admin.logentry", "pk": 64, "fields": {"action_time": "2022-04-21T19:10:02.171Z", "user": 1, "content_type": 9, "object_id": "16", "object_repr": "Name: جامعه شناسی خودمانی          | Written by: حسن نراقی | Price: 260000", "action_flag": 2, "change_message": "[{\"changed\": {\"fields\": [\"Genre\"]}}]"}}, {"model": "admin.logentry", "pk": 65, "fields": {"action_time": "2022-04-21T19:10:18.166Z", "user": 1, "content_type": 9, "object_id": "15", "object_repr": "Name: راهنمایی مستند تخت‌جمشید     | Written by: علیرضا شاپور | Price: 560000", "action_flag": 2, "change_message": "[{\"changed\": {\"fields\": [\"Genre\"]}}]"}}, {"model": "admin.logentry", "pk": 66, "fields": {"action_time": "2022-04-21T19:10:32.194Z", "user": 1, "content_type": 9, "object_id": "14", "object_repr": "Name: هزاره‌های گمشده              | Written by: پرویز رجبی | Price: 800000", "action_flag": 2, "change_message": "[{\"changed\": {\"fields\": [\"Genre\"]}}]"}}, {"model": "admin.logentry", "pk": 67, "fields": {"action_time": "2022-04-21T19:10:44.104Z", "user": 1, "content_type": 9, "object_id": "13", "object_repr": "Name: اسطوره‌شناسی آسمان شبانه     | Written by: شروین وکیلی | Price:  95000", "action_flag": 2, "change_message": "[{\"changed\": {\"fields\": [\"Genre\"]}}]"}}, {"model": "admin.logentry", "pk": 68, "fields": {"action_time": "2022-04-21T19:11:01.868Z", "user": 1, "content_type": 9, "object_id": "12", "object_repr": "Name: بنیانگذاران فرهنگ امروز بودا | Written by: مایکل کریدرز | Price:  80000", "action_flag": 2, "change_message": "[{\"changed\": {\"fields\": [\"Genre\"]}}]"}}, {"model": "admin.logentry", "pk": 69, "fields": {"action_time": "2022-04-21T19:11:52.876Z", "user": 1, "content_type": 9, "object_id": "11", "object_repr": "Name: من قاسم سلیمانی هستم         | Written by: ناصر کاوه | Price:  70000", "action_flag": 2, "change_message": "[{\"changed\": {\"fields\": [\"Genre\"]}}]"}}, {"model": "admin.logentry", "pk": 70, "fields": {"action_time": "2022-04-21T19:12:17.365Z", "user": 1, "content_type": 9, "object_id": "10", "object_repr": "Name: نقرس و زیادی اسید اوریک خون  | Written by: دکتر البرز هدایتی، دکتر محمدحسن هدایتی | Price: 420000", "action_flag": 2, "change_message": "[{\"changed\": {\"fields\": [\"Genre\"]}}]"}}, {"model": "admin.logentry", "pk": 71, "fields": {"action_time": "2022-04-21T19:12:40.456Z", "user": 1, "content_type": 9, "object_id": "9", "object_repr": "Name: از میعاد تا هرگز             | Written by: واصف باختری | Price: 135000", "action_flag": 2, "change_message": "[{\"changed\": {\"fields\": [\"Genre\"]}}]"}}, {"model": "admin.logentry", "pk": 72, "fields": {"action_time": "2022-04-21T19:13:09.519Z", "user": 1, "content_type": 9, "object_id": "8", "object_repr": "Name: گونه شناسی جریان های فعال در دانشگاه ها | Written by: شهیر سیرت، رامین کمانگر | Price: 1900000", "action_flag": 2, "change_message": "[{\"changed\": {\"fields\": [\"Genre\"]}}]"}}, {"model": "admin.logentry", "pk": 73, "fields": {"action_time": "2022-04-21T19:13:24.335Z", "user": 1, "content_type": 9, "object_id": "6", "object_repr": "Name: سرگیجه                       | Written by: دکتر محمدحسن هدایتی | Price: 140000", "action_flag": 2, "change_message": "[{\"changed\": {\"fields\": [\"Genre\"]}}]"}}, {"model": "admin.logentry", "pk": 74, "fields": {"action_time": "2022-04-21T19:13:56.264Z", "user": 1, "content_type": 9, "object_id": "7", "object_repr": "Name: کتابچه مکالمه هندی و فارسی   | Written by: حیدر تقوی | Price: 200000", "action_flag": 2, "change_message": "[{\"changed\": {\"fields\": [\"Genre\"]}}]"}}, {"model": "admin.logentry", "pk": 75, "fields": {"action_time": "2022-04-21T19:14:09.708Z", "user": 1, "content_type": 9, "object_id": "5", "object_repr": "Name: زیادی چربی های خون           | Written by: دکتر البرز هدایتی، دکتر محمدحسن هدایتی | Price: 200000", "action_flag": 2, "change_message": "[{\"changed\": {\"fields\": [\"Genre\"]}}]"}}, {"model": "admin.logentry", "pk": 76, "fields": {"action_time": "2022-04-21T19:14:23.707Z", "user": 1, "content_type": 9, "object_id": "4", "object_repr": "Name: دیابت شیرین در بزرگسالان     | Written by: دکتر البرز هدایتی، دکتر محمدحسن هدایتی | Price: 140000", "action_flag": 2, "change_message": "[{\"changed\": {\"fields\": [\"Genre\"]}}]"}}, {"model": "admin.logentry", "pk": 77, "fields": {"action_time": "2022-04-21T19:14:44.729Z", "user": 1, "content_type": 9, "object_id": "3", "object_repr": "Name: مجموعه رسائل در تصوف         | Written by: خواجه عبدالله انصاری، عبدالقادر بیدل، افضل‌الدین کاشی | Price: 100000000", "action_flag": 2, "change_message": "[{\"changed\": {\"fields\": [\"Genre\"]}}]"}}, {"model": "admin.logentry", "pk": 78, "fields": {"action_time": "2022-04-21T19:14:54.566Z", "user": 1, "content_type": 9, "object_id": "2", "object_repr": "Name: برنامه اچ آی وی/ايدز         | Written by: آذین نوبان | Price:      0", "action_flag": 2, "change_message": "[{\"changed\": {\"fields\": [\"Genre\"]}}]"}}, {"model": "admin.logentry", "pk": 79, "fields": {"action_time": "2022-04-21T19:16:09.019Z", "user": 1, "content_type": 9, "object_id": "1", "object_repr": "Name: ایدز فقط برای دیگران نیست!   | Written by: آذین نوبان | Price:  35000", "action_flag": 2, "change_message": "[{\"changed\": {\"fields\": [\"Genre\"]}}]"}}, {"model": "admin.logentry", "pk": 80, "fields": {"action_time": "2022-04-21T20:36:07.772Z", "user": 1, "content_type": 13, "object_id": "1", "object_repr": "چرا نخونیم این کتاب لعنتی رو", "action_flag": 2, "change_message": "[{\"changed\": {\"fields\": [\"Book\"]}}]"}}, {"model": "admin.logentry", "pk": 81, "fields": {"action_time": "2022-04-21T20:36:18.357Z", "user": 1, "content_type": 13, "object_id": "2", "object_repr": "بادکنک‌های زیبا", "action_flag": 2, "change_message": "[{\"changed\": {\"fields\": [\"Book\"]}}]"}}, {"model": "admin.logentry", "pk": 82, "fields": {"action_time": "2022-04-21T20:58:55.329Z", "user": 1, "content_type": 13, "object_id": "3", "object_repr": "عمیق و دقیق", "action_flag": 3, "change_message": ""}}, {"model": "admin.logentry", "pk": 83, "fields": {"action_time": "2022-04-21T20:59:41.895Z", "user": 1, "content_type": 13, "object_id": "4", "object_repr": "عمیق و دقیق", "action_flag": 2, "change_message": "[{\"changed\": {\"fields\": [\"Owner\"]}}]"}}, {"model": "auth.permission", "pk": 1, "fields": {"name": "Can add log entry", "content_type": 1, "codename": "add_logentry"}}, {"model": "auth.permission", "pk": 2, "fields": {"name": "Can change log entry", "content_type": 1, "codename": "change_logentry"}}, {"model": "auth.permission", "pk": 3, "fields": {"name": "Can delete log entry", "content_type": 1, "codename": "delete_logentry"}}, {"model": "auth.permission", "pk": 4, "fields": {"name": "Can view log entry", "content_type": 1, "codename": "view_logentry"}}, {"model": "auth.permission", "pk": 5, "fields": {"name": "Can add permission", "content_type": 2, "codename": "add_permission"}}, {"model": "auth.permission", "pk": 6, "fields": {"name": "Can change permission", "content_type": 2, "codename": "change_permission"}}, {"model": "auth.permission", "pk": 7, "fields": {"name": "Can delete permission", "content_type": 2, "codename": "delete_permission"}}, {"model": "auth.permission", "pk": 8, "fields": {"name": "Can view permission", "content_type": 2, "codename": "view_permission"}}, {"model": "auth.permission", "pk": 9, "fields": {"name": "Can add group", "content_type": 3, "codename": "add_group"}}, {"model": "auth.permission", "pk": 10, "fields": {"name": "Can change group", "content_type": 3, "codename": "change_group"}}, {"model": "auth.permission", "pk": 11, "fields": {"name": "Can delete group", "content_type": 3, "codename": "delete_group"}}, {"model": "auth.permission", "pk": 12, "fields": {"name": "Can view group", "content_type": 3, "codename": "view_group"}}, {"model": "auth.permission", "pk": 13, "fields": {"name": "Can add content type", "content_type": 4, "codename": "add_contenttype"}}, {"model": "auth.permission", "pk": 14, "fields": {"name": "Can change content type", "content_type": 4, "codename": "change_contenttype"}}, {"model": "auth.permission", "pk": 15, "fields": {"name": "Can delete content type", "content_type": 4, "codename": "delete_contenttype"}}, {"model": "auth.permission", "pk": 16, "fields": {"name": "Can view content type", "content_type": 4, "codename": "view_contenttype"}}, {"model": "auth.permission", "pk": 17, "fields": {"name": "Can add session", "content_type": 5, "codename": "add_session"}}, {"model": "auth.permission", "pk": 18, "fields": {"name": "Can change session", "content_type": 5, "codename": "change_session"}}, {"model": "auth.permission", "pk": 19, "fields": {"name": "Can delete session", "content_type": 5, "codename": "delete_session"}}, {"model": "auth.permission", "pk": 20, "fields": {"name": "Can view session", "content_type": 5, "codename": "view_session"}}, {"model": "auth.permission", "pk": 21, "fields": {"name": "Can add user", "content_type": 6, "codename": "add_user"}}, {"model": "auth.permission", "pk": 22, "fields": {"name": "Can change user", "content_type": 6, "codename": "change_user"}}, {"model": "auth.permission", "pk": 23, "fields": {"name": "Can delete user", "content_type": 6, "codename": "delete_user"}}, {"model": "auth.permission", "pk": 24, "fields": {"name": "Can view user", "content_type": 6, "codename": "view_user"}}, {"model": "auth.permission", "pk": 25, "fields": {"name": "Can add book", "content_type": 7, "codename": "add_book"}}, {"model": "auth.permission", "pk": 26, "fields": {"name": "Can change book", "content_type": 7, "codename": "change_book"}}, {"model": "auth.permission", "pk": 27, "fields": {"name": "Can delete book", "content_type": 7, "codename": "delete_book"}}, {"model": "auth.permission", "pk": 28, "fields": {"name": "Can view book", "content_type": 7, "codename": "view_book"}}, {"model": "auth.permission", "pk": 29, "fields": {"name": "Can add Token", "content_type": 8, "codename": "add_token"}}, {"model": "auth.permission", "pk": 30, "fields": {"name": "Can change Token", "content_type": 8, "codename": "change_token"}}, {"model": "auth.permission", "pk": 31, "fields": {"name": "Can delete Token", "content_type": 8, "codename": "delete_token"}}, {"model": "auth.permission", "pk": 32, "fields": {"name": "Can view Token", "content_type": 8, "codename": "view_token"}}, {"model": "auth.permission", "pk": 33, "fields": {"name": "Can add token", "content_type": 9, "codename": "add_tokenproxy"}}, {"model": "auth.permission", "pk": 34, "fields": {"name": "Can change token", "content_type": 9, "codename": "change_tokenproxy"}}, {"model": "auth.permission", "pk": 35, "fields": {"name": "Can delete token", "content_type": 9, "codename": "delete_tokenproxy"}}, {"model": "auth.permission", "pk": 36, "fields": {"name": "Can view token", "content_type": 9, "codename": "view_tokenproxy"}}, {"model": "auth.permission", "pk": 37, "fields": {"name": "Can add author", "content_type": 10, "codename": "add_author"}}, {"model": "auth.permission", "pk": 38, "fields": {"name": "Can change author", "content_type": 10, "codename": "change_author"}}, {"model": "auth.permission", "pk": 39, "fields": {"name": "Can delete author", "content_type": 10, "codename": "delete_author"}}, {"model": "auth.permission", "pk": 40, "fields": {"name": "Can view author", "content_type": 10, "codename": "view_author"}}, {"model": "auth.permission", "pk": 41, "fields": {"name": "Can add Token", "content_type": 11, "codename": "add_token"}}, {"model": "auth.permission", "pk": 42, "fields": {"name": "Can change Token", "content_type": 11, "codename": "change_token"}}, {"model": "auth.permission", "pk": 43, "fields": {"name": "Can delete Token", "content_type": 11, "codename": "delete_token"}}, {"model": "auth.permission", "pk": 44, "fields": {"name": "Can view Token", "content_type": 11, "codename": "view_token"}}, {"model": "auth.permission", "pk": 45, "fields": {"name": "Can add token", "content_type": 12, "codename": "add_tokenproxy"}}, {"model": "auth.permission", "pk": 46, "fields": {"name": "Can change token", "content_type": 12, "codename": "change_tokenproxy"}}, {"model": "auth.permission", "pk": 47, "fields": {"name": "Can delete token", "content_type": 12, "codename": "delete_tokenproxy"}}, {"model": "auth.permission", "pk": 48, "fields": {"name": "Can view token", "content_type": 12, "codename": "view_tokenproxy"}}, {"model": "auth.permission", "pk": 49, "fields": {"name": "Can add author", "content_type": 7, "codename": "add_author"}}, {"model": "auth.permission", "pk": 50, "fields": {"name": "Can change author", "content_type": 7, "codename": "change_author"}}, {"model": "auth.permission", "pk": 51, "fields": {"name": "Can delete author", "content_type": 7, "codename": "delete_author"}}, {"model": "auth.permission", "pk": 52, "fields": {"name": "Can view author", "content_type": 7, "codename": "view_author"}}, {"model": "auth.permission", "pk": 53, "fields": {"name": "Can add genre", "content_type": 8, "codename": "add_genre"}}, {"model": "auth.permission", "pk": 54, "fields": {"name": "Can change genre", "content_type": 8, "codename": "change_genre"}}, {"model": "auth.permission", "pk": 55, "fields": {"name": "Can delete genre", "content_type": 8, "codename": "delete_genre"}}, {"model": "auth.permission", "pk": 56, "fields": {"name": "Can view genre", "content_type": 8, "codename": "view_genre"}}, {"model": "auth.permission", "pk": 57, "fields": {"name": "Can add book", "content_type": 9, "codename": "add_book"}}, {"model": "auth.permission", "pk": 58, "fields": {"name": "Can change book", "content_type": 9, "codename": "change_book"}}, {"model": "auth.permission", "pk": 59, "fields": {"name": "Can delete book", "content_type": 9, "codename": "delete_book"}}, {"model": "auth.permission", "pk": 60, "fields": {"name": "Can view book", "content_type": 9, "codename": "view_book"}}, {"model": "auth.permission", "pk": 61, "fields": {"name": "Can add profile", "content_type": 10, "codename": "add_profile"}}, {"model": "auth.permission", "pk": 62, "fields": {"name": "Can change profile", "content_type": 10, "codename": "change_profile"}}, {"model": "auth.permission", "pk": 63, "fields": {"name": "Can delete profile", "content_type": 10, "codename": "delete_profile"}}, {"model": "auth.permission", "pk": 64, "fields": {"name": "Can view profile", "content_type": 10, "codename": "view_profile"}}, {"model": "auth.permission", "pk": 65, "fields": {"name": "Can add article", "content_type": 13, "codename": "add_article"}}, {"model": "auth.permission", "pk": 66, "fields": {"name": "Can change article", "content_type": 13, "codename": "change_article"}}, {"model": "auth.permission", "pk": 67, "fields": {"name": "Can delete article", "content_type": 13, "codename": "delete_article"}}, {"model": "auth.permission", "pk": 68, "fields": {"name": "Can view article", "content_type": 13, "codename": "view_article"}}, {"model": "sessions.session", "pk": "06mru6s56h37tmfqvteg78lzxp1s4jrq", "fields": {"session_data": ".eJxVjMsOwiAQRf-FtSHARB4u3fsNhIEZqRpISrtq_Hdt0oVu7znnbiKmdalxHTTHqYiL0OL0u2HKT2o7KI_U7l3m3pZ5Qrkr8qBD3nqh1_Vw_w5qGvVbY8ikKFHwpmhQzrJHKA4ZWDM6bQ1lw8ZrRJcB4MzaOQ4KyINlNuL9Af6qOD0:1ncn2m:ZkeLbi6dh6qR52inV8Q_XyIy7WO8hPqVDxRSUnDsRUc", "expire_date": "2022-04-22T11:44:48.750Z"}}, {"model": "sessions.session", "pk": "k3mvw23ppov879j8nri5q58uwvulykk6", "fields": {"session_data": ".eJxVjMsOwiAQRf-FtSHARB4u3fsNhIEZqRpISrtq_Hdt0oVu7znnbiKmdalxHTTHqYiL0OL0u2HKT2o7KI_U7l3m3pZ5Qrkr8qBD3nqh1_Vw_w5qGvVbY8ikKFHwpmhQzrJHKA4ZWDM6bQ1lw8ZrRJcB4MzaOQ4KyINlNuL9Af6qOD0:1nhc5F:wXJmS1Clgq4_B6zZ-kZxwsiB41KwkqL6LgVrQfiCwas", "expire_date": "2022-05-05T19:03:17.400Z"}}, {"model": "sessions.session", "pk": "pzp3vdxnxu72ubd32grnemqfurbuad2w", "fields": {"session_data": ".eJxVjMsOwiAQRf-FtSHARB4u3fsNhIEZqRpISrtq_Hdt0oVu7znnbiKmdalxHTTHqYiL0OL0u2HKT2o7KI_U7l3m3pZ5Qrkr8qBD3nqh1_Vw_w5qGvVbY8ikKFHwpmhQzrJHKA4ZWDM6bQ1lw8ZrRJcB4MzaOQ4KyINlNuL9Af6qOD0:1nc49r:7ey2o3xi9Ch1TYVcaSEnHIa4D-P3Rzh3Hhgxdrkrczg", "expire_date": "2022-04-20T11:49:07.024Z"}}, {"model": "accounts.user", "pk": 1, "fields": {"password": "pbkdf2_sha256$320000$0E0iIsB01Xgr7zNGyv7vzB$DPa3FUekqX5VmqSo7E1DuYSIZ1XF7ufElhKfpiXp5UU=", "last_login": "2022-04-21T19:03:17.379Z", "is_superuser": true, "username": "Amiri", "first_name": "", "last_name": "", "is_staff": true, "is_active": true, "date_joined": "2022-04-06T11:48:37.136Z", "nickname": null, "email": "amiri@yahoo.com", "profile": null, "groups": [], "user_permissions": []}}, {"model": "accounts.user", "pk": 2, "fields": {"password": "pbkdf2_sha256$320000$jZtt8yqhwEiEeWLKeOCKfe$+HRyib4hbgwl97jhuY9281Mkox6W0zsNgPpk6hkSGS8=", "last_login": null, "is_superuser": false, "username": "u369480", "first_name": "", "last_name": "", "is_staff": false, "is_active": true, "date_joined": "2022-04-06T17:16:05.470Z", "nickname": null, "email": "jafar@yahoo.com", "profile": null, "groups": [], "user_permissions": []}}, {"model": "accounts.user", "pk": 3, "fields": {"password": "pbkdf2_sha256$320000$zBtq7XgcgqkMBCmFAkGR5a$wv1jxhxyuPZenrpJA/F9DeW0j1krz9iJepBzKFHzDa8=", "last_login": null, "is_superuser": false, "username": "u975952", "first_name": "", "last_name": "", "is_staff": false, "is_active": true, "date_joined": "2022-04-17T16:16:27.757Z", "nickname": "hey", "email": "mahdi_amiri98@comp.iust.ac.ir", "profile": 1, "groups": [], "user_permissions": []}}, {"model": "accounts.user", "pk": 4, "fields": {"password": "pbkdf2_sha256$320000$TUpa981mSsEpqYew8RBFjq$sb3pCoRaYR5nbuw1bs+7lcRrpQbVw3+HLn9fNVHWPQw=", "last_login": null, "is_superuser": false, "username": "u633974", "first_name": "", "last_name": "", "is_staff": false, "is_active": true, "date_joined": "2022-04-17T16:19:44.375Z", "nickname": "fatio;ijk", "email": "ff@yahoo.com", "profile": 2, "groups": [], "user_permissions": []}}, {"model": "accounts.user", "pk": 5, "fields": {"password": "pbkdf2_sha256$320000$7Hl1dpKctssY7UhiwsxlGO$83urOwI4iW4wqE90ZCLJI5P3BV0aNcc3Q0q+eR4U5a0=", "last_login": null, "is_superuser": false, "username": "u804184", "first_name": "", "last_name": "", "is_staff": false, "is_active": true, "date_joined": "2022-04-17T17:15:54.874Z", "nickname": "یاسین", "email": "shahi@gmail.com", "profile": 3, "groups": [], "user_permissions": []}}, {"model": "accounts.user", "pk": 6, "fields": {"password": "pbkdf2_sha256$320000$y0RlVhsJ9TVVAQHEJrmdmo$UDAW/ZSTVNxduW65MWGTkfxkPCVbceHdYHn/30D3zl0=", "last_login": null, "is_superuser": false, "username": "u581486", "first_name": "", "last_name": "", "is_staff": false, "is_active": true, "date_joined": "2022-04-19T06:39:36.424Z", "nickname": "نیاز", "email": "niaz@yahoo.com", "profile": 4, "groups": [], "user_permissions": []}}, {"model": "read_book.author", "pk": 1, "fields": {"name": "آذین نوبان"}}, {"model": "read_book.author", "pk": 2, "fields": {"name": "خواجه عبدالله انصاری"}}, {"model": "read_book.author", "pk": 3, "fields": {"name": "عبدالقادر بیدل"}}, {"model": "read_book.author", "pk": 4, "fields": {"name": "افضل‌الدین کاشی"}}, {"model": "read_book.author", "pk": 5, "fields": {"name": "دکتر البرز هدایتی"}}, {"model": "read_book.author", "pk": 6, "fields": {"name": "دکتر محمدحسن هدایتی"}}, {"model": "read_book.author", "pk": 7, "fields": {"name": "حیدر تقوی"}}, {"model": "read_book.author", "pk": 8, "fields": {"name": "شهیر سیرت"}}, {"model": "read_book.author", "pk": 9, "fields": {"name": "رامین کمانگر"}}, {"model": "read_book.author", "pk": 10, "fields": {"name": "واصف باختری"}}, {"model": "read_book.author", "pk": 11, "fields": {"name": "ناصر کاوه"}}, {"model": "read_book.author", "pk": 12, "fields": {"name": "مایکل کریدرز"}}, {"model": "read_book.author", "pk": 13, "fields": {"name": "شروین وکیلی"}}, {"model": "read_book.author", "pk": 14, "fields": {"name": "پرویز رجبی"}}, {"model": "read_book.author", "pk": 15, "fields": {"name": "علیرضا شاپور"}}, {"model": "read_book.author", "pk": 16, "fields": {"name": "حسن نراقی"}}, {"model": "read_book.genre", "pk": 1, "fields": {"name": "سلامت/سبک‌زندگی"}}, {"model": "read_book.genre", "pk": 2, "fields": {"name": "عرفانی/مذهبی"}}, {"model": "read_book.genre", "pk": 3, "fields": {"name": "ادبی/تاریخی"}}, {"model": "read_book.genre", "pk": 4, "fields": {"name": "جامعه‌شناسی/علوم سیاسی"}}, {"model": "read_book.genre", "pk": 5, "fields": {"name": "نجوم"}}, {"model": "read_book.book", "pk": 1, "fields": {"name": "ایدز فقط برای دیگران نیست!", "summary": "راهنمایی در زمینه اچ آی وی و ایدز برای رسانه های همگانی", "genre": 1, "price": 35000, "publisher": "مهرراوش", "image_url": "https://bayanbox.ir/view/6928720625921261412/1.jpg", "created": "2022-04-06T11:49:26Z", "pdf_url": "https://bayanbox.ir/view/1102987257975014350/AIDS-digaran.pdf", "author": [1]}}, {"model": "read_book.book", "pk": 2, "fields": {"name": "برنامه اچ آی وی/ايدز", "summary": "راهنمای فنی سازمان بهداشت جهانی \r\nدفتر مقابله با مواد مخدر و جرم ملل متحد و دفتر برنامه مشترک سازمان ملل متحد در زمینه ایدز\r\nنسخۀ تجدید نظرشدۀ ۲۰۱۲", "genre": 1, "price": 0, "publisher": "پاتوق کتاب", "image_url": "https://bayanbox.ir/view/2060035843183867619/2.jpg", "created": "2022-04-06T11:51:58Z", "pdf_url": "https://bayanbox.ir/view/3820218358196424996/AIDS-program.pdf", "author": [1]}}, {"model": "read_book.book", "pk": 3, "fields": {"name": "مجموعه رسائل در تصوف", "summary": "رساله خواجه عبدالله انصاری\r\nنکات المتفرقه از عبدالقادر بیدل\r\nوصیت الحکما از افضل الدین کاشی\r\nسال ۱۲۰۳\r\nنسخه خطی موجود در کتابخانه مک گیل کانادا", "genre": 3, "price": 100000000, "publisher": "کتابخانه مک‌گیل کانادا", "image_url": "https://bayanbox.ir/view/4052887340473663990/3.jpg", "created": "2022-04-06T11:54:32Z", "pdf_url": "https://bayanbox.ir/view/7382838569490074440/rasayel.pdf", "author": [2, 3, 4]}}, {"model": "read_book.book", "pk": 4, "fields": {"name": "دیابت شیرین در بزرگسالان", "summary": "کارنت ۲۰۲۲", "genre": 1, "price": 140000, "publisher": "Elsevier", "image_url": "https://bayanbox.ir/view/2367358184794469324/4.jpg", "created": "2022-04-06T15:05:03Z", "pdf_url": "https://bayanbox.ir/view/2492161534118144000/dyabet-shirin.pdf", "author": [5, 6]}}, {"model": "read_book.book", "pk": 5, "fields": {"name": "زیادی چربی های خون", "summary": "بررسی و درمان به روش کارنت ۲۰۲۲", "genre": 1, "price": 200000, "publisher": "Elsevier", "image_url": "https://bayanbox.ir/view/4091004405302798961/5.jpg", "created": "2022-04-06T15:08:37Z", "pdf_url": "https://bayanbox.ir/view/3252591801557135595/charbi-khoon.pdf", "author": [5, 6]}}, {"model": "read_book.book", "pk": 6, "fields": {"name": "سرگیجه", "summary": "بررسی و درمان به روش جنیفر ویپرمن\r\nکارنت ۲۰۲۲", "genre": 1, "price": 140000, "publisher": "Elsevier", "image_url": "https://bayanbox.ir/view/7845651369261328875/6.jpg", "created": "2022-04-06T15:14:31Z", "pdf_url": "https://bayanbox.ir/view/7274556766265648399/sargijeh.pdf", "author": [6]}}, {"model": "read_book.book", "pk": 7, "fields": {"name": "کتابچه مکالمه هندی و فارسی", "summary": "دولت هند\r\nاداره مدیره مرکز هندی\r\nوزارت توسعه منابع انسانی\r\nنسخه الکترونیک: سال ۲۰۱۸", "genre": 3, "price": 200000, "publisher": "دولت هند", "image_url": "https://bayanbox.ir/view/8899102110284256302/7.jpg", "created": "2022-04-06T15:17:42Z", "pdf_url": "https://bayanbox.ir/view/7726306589477742621/Hendi-Farsi.pdf", "author": [7]}}, {"model": "read_book.book", "pk": 8, "fields": {"name": "گونه شناسی جریان های فعال در دانشگاه ها", "summary": "جریان‌های فعال در دانشگاه‌های افغانستان", "genre": 4, "price": 1900000, "publisher": "انستیتوت مطالعات استراتژیک افغانستان کابل", "image_url": "https://bayanbox.ir/view/4033842831938461212/9.jpg", "created": "2022-04-06T15:49:52Z", "pdf_url": "https://bayanbox.ir/view/796065845446917905/gooneshenasi.pdf", "author": [8, 9]}}, {"model": "read_book.book", "pk": 9, "fields": {"name": "از میعاد تا هرگز", "summary": "مجموعه شعر", "genre": 3, "price": 135000, "publisher": "راه پرچم", "image_url": "https://bayanbox.ir/view/2554715443126940757/8.jpg", "created": "2022-04-06T16:16:28Z", "pdf_url": "https://bayanbox.ir/view/7977174784094907810/az-miad-bakhtari.pdf", "author": [10]}}, {"model": "read_book.book", "pk": 10, "fields": {"name": "نقرس و زیادی اسید اوریک خون", "summary": "درمان به روش Saima Chohan", "genre": 1, "price": 420000, "publisher": "Elsevier", "image_url": "https://bayanbox.ir/view/7176078911012447937/10.jpg", "created": "2022-04-06T16:17:50Z", "pdf_url": "https://bayanbox.ir/view/4757393350787560477/neghres.pdf", "author": [5, 6]}}, {"model": "read_book.book", "pk": 11, "fields": {"name": "من قاسم سلیمانی هستم", "summary": "در این کتاب مجموعه ای از خاطرات , دلنوشته ها و دست نوشته های حاج قاسم سلیمانی جمع آوری شده است.", "genre": 2, "price": 70000, "publisher": "نوآوران سینا", "image_url": "https://bayanbox.ir/view/118726304248096470/11.jpg", "created": "2022-04-07T11:29:31Z", "pdf_url": "https://bayanbox.ir/view/837395837910314451/ghasem-soleimani.pdf", "author": [11]}}, {"model": "read_book.book", "pk": 12, "fields": {"name": "بنیانگذاران فرهنگ امروز بودا", "summary": "بودا شاید تا همین عصر حاضر پرنفوذترین متفکر در تمام تاریخ بشری بوده است. تعالیم او در طول مدتی بالغ بر 1500سال سرتاسر شبه قاره هند را مسخر خود ساخت. در طول همین مدت تعالیم او تغییر یافت و تنوع نیز پذیرفت و مثل مسیحیت در اروپا در طی 1500سال اولش، به فرقه های مختلف تقسیم شد.", "genre": 2, "price": 80000, "publisher": "طرح نو", "image_url": "https://bayanbox.ir/view/7693998198198316436/12.jpg", "created": "2022-04-07T11:32:28Z", "pdf_url": "https://bayanbox.ir/view/5946870685810324737/Booda.pdf", "author": [12]}}, {"model": "read_book.book", "pk": 13, "fields": {"name": "اسطوره‌شناسی آسمان شبانه", "summary": "چرا نام ماههای سال به این ترتیب نهاده شده است؟ چرا این نمادهای برای برج‌های دوازده‌گانه انتخاب شده است؟ چرا هفت اختر و دوازده برج با الگوی کنونی به هم متصل شده‌اند؟ چرا پیوند میان چهار عنصر و برج‌ها چنان‌اند که هستند؟", "genre": 5, "price": 95000, "publisher": "شورآفرین", "image_url": "https://bayanbox.ir/view/4202506705655616445/13.jpg", "created": "2022-04-07T11:42:49Z", "pdf_url": "https://bayanbox.ir/view/3356787023579449822/ostoore-shab.pdf", "author": [13]}}, {"model": "read_book.book", "pk": 14, "fields": {"name": "هزاره‌های گمشده", "summary": "براستی، سرزمینی که به نام «ایران زمین» می شناسیم کی و چگونه پدید آمده است؟ مردمی که صفت «ایرانی» به آنان می دهیم، از کجا آمده اند و چگونه به این سرزمین رسیده اند و در آن، جا خوش کرده اند؟ آیا مهاجر و کوچنده بوده اند یا از سرآغاز زندگی در این خطه می زیسته اند؟", "genre": 3, "price": 800000, "publisher": "توس", "image_url": "https://bayanbox.ir/view/8957382346979971561/14.jpg", "created": "2022-04-07T11:47:33Z", "pdf_url": "https://bayanbox.ir/view/7264877360876101000/hezarehaye-gomshode.pdf", "author": [14]}}, {"model": "read_book.book", "pk": 15, "fields": {"name": "راهنمایی مستند تخت‌جمشید", "summary": "همانطور که از عنوان کتاب هویدا است، این کتاب در خصوص کاخ بزرگ تخت جمشید و جزئیات آن چاپ گردیده‌است. در کتاب نگاره‌های گوناگونی از سنگ نبشته‌ها، نقوش و سنگ نگاره‌ها وجود دارد.", "genre": 3, "price": 560000, "publisher": "بنیاد پژوهشی پارسه", "image_url": "https://bayanbox.ir/view/7669914564053603388/15.jpg", "created": "2022-04-07T11:49:01Z", "pdf_url": "https://bayanbox.ir/view/7675692438643991381/takhtjamshid.pdf", "author": [15]}}, {"model": "read_book.book", "pk": 16, "fields": {"name": "جامعه شناسی خودمانی", "summary": "نگارنده، در این کتاب به طور خلاصه تعدادی از صفات جامعه فارسی زبان را برشمرده و در سرتاسر کتاب بر این نکته تأکید دارد که تمامی دردها و مشکلات جامعه ما و راز عقب ماندگیهای ما در طول تاریخ، اثرات همین صفات بوده است و باید ریشه ی همه ی مشکلاتمان را در خلق و خو و شخصیت خودمان جستجو کنیم، نه در عوامل ثانویه ای مانند استعمار و استثمار! که آنها نیز مرهون همین خلق و خوی پر نقص ایرانی هستند.", "genre": 4, "price": 260000, "publisher": "اختران", "image_url": "https://bayanbox.ir/view/3975632378500200211/16.jpg", "created": "2022-04-07T11:51:07Z", "pdf_url": "https://bayanbox.ir/view/8925541345697552742/jameeshenasi.pdf", "author": [16]}}, {"model": "userprofile.profile", "pk": 1, "fields": {"fullname": null, "image": "media/profileimages/default.jpg", "bio": null, "gender": null, "born_date": null}}, {"model": "userprofile.profile", "pk": 2, "fields": {"fullname": "فاطمه عسکری", "image": "media/profileimages/150303886-.webp", "bio": "من فاطمه عسکری هستم", "gender": "F", "born_date": "1329-07-10"}}, {"model": "userprofile.profile", "pk": 3, "fields": {"fullname": "علی اکبر شاهی", "image": "media/profileimages/default.jpg", "bio": null, "gender": "M", "born_date": "1329-02-14"}}, {"model": "userprofile.profile", "pk": 4, "fields": {"fullname": "ررررر", "image": "media/profileimages/default.jpg", "bio": "سلام من نیازم", "gender": "F", "born_date": "1331-07-09"}}, {"model": "userprofile.profile", "pk": 5, "fields": {"fullname": null, "image": "media/profileimages/default.jpg", "bio": null, "gender": null, "born_date": null}}, {"model": "write_article.article", "pk": 1, "fields": {"created": "2022-04-20T16:37:37.879Z", "title": "چرا نخونیم این کتاب لعنتی رو", "body": "چون خیلی مزخرفه", "summary": "مزخرف", "owner": 2, "image": "articles/default.jpg", "book": 15}}, {"model": "write_article.article", "pk": 2, "fields": {"created": "2022-04-21T11:19:26.926Z", "title": "بادکنک‌های زیبا", "body": "کتاب داری تصاویر عالی و پرمفهوم", "summary": "تصاویر خوب", "owner": 4, "image": "articles/balloon.png", "book": 9}}, {"model": "write_article.article", "pk": 4, "fields": {"created": "2022-04-21T20:58:02.217Z", "title": "عمیق و دقیق", "body": "بسیار دقیق به مسائل پرداخته بود و مشکلات را شرح داده بود و عمیق در موضوع فرو رفته بود", "summary": "قابل قبول در همه جهات", "owner": 6, "image": "articles/pacman_U7fAVSb.png", "book": 7}}, {"model": "write_article.article", "pk": 5, "fields": {"created": "2022-04-22T08:53:26.843Z", "title": "", "body": "", "summary": "", "owner": null, "image": "articles/default.jpg", "book": null}}, {"model": "write_article.article", "pk": 6, "fields": {"created": "2022-04-22T09:08:44.033Z", "title": "عمیق و دقیق", "body": "بسیار دقیق به مسائل پرداخته بود و مشکلات را شرح داده بود و عمیق در موضوع فرو رفته بود", "summary": "قابل قبول در همه جهات", "owner": null, "image": "articles/default.jpg", "book": 7}}, {"model": "write_article.article", "pk": 7, "fields": {"created": "2022-04-22T09:18:15.445Z", "title": "fjghhhhhhhhh", "body": "", "summary": "tdhggggggggggggggggggyuggggggggggggggggg", "owner": 4, "image": "articles/default.jpg", "book": 1}}, {"model": "write_article.article", "pk": 8, "fields": {"created": "2022-04-22T09:18:53.135Z", "title": "fjghhhhhhhhh", "body": "", "summary": "tdhggggggggggggggggggyuggggggggggggggggg", "owner": 4, "image": "articles/default.jpg", "book": 1}}, {"model": "write_article.article", "pk": 9, "fields": {"created": "2022-04-22T09:19:39.857Z", "title": "fjghhhhhhhhh", "body": "", "summary": "tdhggggggggggggggggggyuggggggggggggggggg", "owner": 4, "image": "articles/default.jpg", "book": 1}}, {"model": "write_article.article", "pk": 10, "fields": {"created": "2022-04-22T09:38:04.143Z", "title": "عمیق و دقیق", "body": "بسیار دقیق به مسائل پرداخته بود و مشکلات را شرح داده بود و عمیق در موضوع فرو رفته بود", "summary": "قابل قبول در همه جهات", "owner": null, "image": "articles/default.jpg", "book": 7}}, {"model": "write_article.article", "pk": 11, "fields": {"created": "2022-04-22T09:39:57.087Z", "title": "هعععععععععععععععععععععععععععععععععع", "body": "", "summary": "غعغغغغغغغغغغغغغغغغغغغغغغغغغغغغغغغغغغغغغغغغ", "owner": null, "image": "articles/default.jpg", "book": 1}}, {"model": "authtoken.token", "pk": "5fb8f6bd936960934ca2556e25668863cdd245f6", "fields": {"user": 5, "created": "2022-04-17T17:16:07.175Z"}}, {"model": "authtoken.token", "pk": "6bf3b87caf2fe2a5582d8a499949a327e671104c", "fields": {"user": 2, "created": "2022-04-06T17:16:22.677Z"}}, {"model": "authtoken.token", "pk": "747696f5e4c0426701b08418481fc43e672df58b", "fields": {"user": 6, "created": "2022-04-19T06:39:55.466Z"}}, {"model": "authtoken.token", "pk": "bda6d78f4ec3651eb9f09ffb210c7ddf4cb5463e", "fields": {"user": 4, "created": "2022-04-17T16:19:58.590Z"}}]